,debtorcode,category,projno,month_year
695,300KAW005,SKIN CLEANSING,UL,2020-12
696,300KAW005,TEA,UL,2020-12
697,300KAW006,DEODORANTS & FRAGRANCES,UL,2020-12
698,300KAW006,DRESSINGS,UL,2020-12
699,300KAW006,FABRIC SOLUTIONS CATEGORY,UL,2020-12
700,300KAW006,HAIR CARE,UL,2020-12
701,300KAW006,HOME & HYGIENE,UL,2020-12
702,300KAW006,SAVOURY,UL,2020-12
703,300KAW006,SKIN CARE,UL,2020-12
704,300KAW006,SKIN CLEANSING,UL,2020-12
705,300KAW006,TEA,UL,2020-12
706,300KCE001,DRESSINGS,UL,2020-12
707,300KCE001,FABRIC SENSATIONS CATEGORY,UL,2020-12
708,300KCE001,FABRIC SOLUTIONS CATEGORY,UL,2020-12
709,300KCE001,HAIR CARE,UL,2020-12
710,300KCE001,HOME & HYGIENE,UL,2020-12
711,300KCE001,OTHER FOODS,UL,2020-12
712,300KCE001,SAVOURY,UL,2020-12
713,300KCE001,SKIN CLEANSING,UL,2020-12
714,300KCE001,TEA,UL,2020-12
715,300KCE002,DRESSINGS,UL,2020-12
716,300KCE002,FABRIC SENSATIONS CATEGORY,UL,2020-12
717,300KCE002,FABRIC SOLUTIONS CATEGORY,UL,2020-12
718,300KCE002,HAIR CARE,UL,2020-12
719,300KCE002,OTHER FOODS,UL,2020-12
720,300KCE002,SAVOURY,UL,2020-12
721,300KCE002,SKIN CARE,UL,2020-12
722,300KCE002,SKIN CLEANSING,UL,2020-12
723,300KCE002,TEA,UL,2020-12
724,300KEE001,HOME & HYGIENE,UL,2020-12
725,300KEE001,SAVOURY,UL,2020-12
726,300KGS001,HOME & HYGIENE,UL,2020-12
727,300KHO006,SKIN CLEANSING,UL,2020-12
728,300KOO001,FABRIC SOLUTIONS CATEGORY,UL,2020-12
729,300KOO001,HAIR CARE,UL,2020-12
730,300KOO001,SAVOURY,UL,2020-12
731,300KOO001,SKIN CLEANSING,UL,2020-12
732,300KOO001,TEA,UL,2020-12
733,300KOR001,FABRIC SOLUTIONS CATEGORY,UL,2020-12
734,300KOR001,HOME & HYGIENE,UL,2020-12
735,300KUB001,FABRIC SOLUTIONS CATEGORY,UL,2020-12
736,300KUB001,HOME & HYGIENE,UL,2020-12
737,300KUB001,SAVOURY,UL,2020-12
738,300KUB001,SKIN CARE,UL,2020-12
739,300KUB001,SKIN CLEANSING,UL,2020-12
740,300KWA001,HAIR CARE,UL,2020-12
741,300KWE001,FABRIC SOLUTIONS CATEGORY,UL,2020-12
742,300LEA002,FABRIC SOLUTIONS CATEGORY,UL,2020-12
743,300LEA002,HAIR CARE,UL,2020-12
744,300LEA002,HOME & HYGIENE,UL,2020-12
745,300LEA002,SKIN CLEANSING,UL,2020-12
746,300LIM007,FABRIC SOLUTIONS CATEGORY,UL,2020-12
747,300LIM007,SAVOURY,UL,2020-12
748,300LIM007,SKIN CLEANSING,UL,2020-12
749,300LIM007,TEA,UL,2020-12
750,300LLB001,HOME & HYGIENE,UL,2020-12
751,300LLH001,FABRIC SOLUTIONS CATEGORY,UL,2020-12
752,300LLH001,HOME & HYGIENE,UL,2020-12
753,300LLH001,SAVOURY,UL,2020-12
754,300LLH001,SKIN CLEANSING,UL,2020-12
755,300LLH001,TEA,UL,2020-12
756,300MAH001,FABRIC SOLUTIONS CATEGORY,UL,2020-12
757,300MAH001,SKIN CLEANSING,UL,2020-12
758,300MAJ006,FABRIC SOLUTIONS CATEGORY,UL,2020-12
759,300MAJ006,TEA,UL,2020-12
760,300MAT005,FABRIC SOLUTIONS CATEGORY,UL,2020-12
761,300MAT005,SKIN CLEANSING,UL,2020-12
762,300MEE001,SKIN CARE,UL,2020-12
763,300MEE001,SKIN CLEANSING,UL,2020-12
764,300MEG002,FABRIC SOLUTIONS CATEGORY,UL,2020-12
765,300MEG002,HAIR CARE,UL,2020-12
766,300MEG002,HOME & HYGIENE,UL,2020-12
767,300MEG002,SAVOURY,UL,2020-12
768,300MEG002,SKIN CLEANSING,UL,2020-12
769,300MEG002,TEA,UL,2020-12
770,300MNR001,DRESSINGS,UL,2020-12
771,300MNR001,HOME & HYGIENE,UL,2020-12
772,300MNR001,TEA,UL,2020-12
773,300MOH005,FABRIC SOLUTIONS CATEGORY,UL,2020-12
774,300NAJ001,DEODORANTS & FRAGRANCES,UL,2020-12
775,300NAJ001,DRESSINGS,UL,2020-12
776,300NAJ001,FABRIC SOLUTIONS CATEGORY,UL,2020-12
777,300NAJ001,HAIR CARE,UL,2020-12
778,300NAJ001,HOME & HYGIENE,UL,2020-12
779,300NAJ001,OTHER FOODS,UL,2020-12
780,300NAJ001,SAVOURY,UL,2020-12
781,300NAJ001,SKIN CARE,UL,2020-12
782,300NAJ001,SKIN CLEANSING,UL,2020-12
783,300NAJ001,TEA,UL,2020-12
784,300NFS003,FABRIC SOLUTIONS CATEGORY,UL,2020-12
785,300NFS003,SAVOURY,UL,2020-12
786,300NOR004,FABRIC SOLUTIONS CATEGORY,UL,2020-12
787,300ONE001,FABRIC SOLUTIONS CATEGORY,UL,2020-12
788,300ONE001,HOME & HYGIENE,UL,2020-12
789,300ONE001,SAVOURY,UL,2020-12
790,300ONE001,SKIN CLEANSING,UL,2020-12
791,300ONE001,TEA,UL,2020-12
792,300OYC001,DRESSINGS,UL,2020-12
793,300PEL001,DRESSINGS,UL,2020-12
794,300PEL001,FABRIC SOLUTIONS CATEGORY,UL,2020-12
795,300PEL001,HAIR CARE,UL,2020-12
796,300PEL001,HOME & HYGIENE,UL,2020-12
797,300PEL001,SAVOURY,UL,2020-12
798,300PEL001,SKIN CLEANSING,UL,2020-12
799,300PEL001,TEA,UL,2020-12
800,300PER002,FABRIC SOLUTIONS CATEGORY,UL,2020-12
801,300PER002,HAIR CARE,UL,2020-12
802,300PER002,HOME & HYGIENE,UL,2020-12
803,300PER002,SAVOURY,UL,2020-12
804,300PER002,SKIN CLEANSING,UL,2020-12
805,300PTT001,FABRIC SOLUTIONS CATEGORY,UL,2020-12
806,300PTT001,HOME & HYGIENE,UL,2020-12
807,300PTT001,SKIN CLEANSING,UL,2020-12
808,300PUS001,FABRIC SOLUTIONS CATEGORY,UL,2020-12
809,300RAM004,FABRIC SOLUTIONS CATEGORY,UL,2020-12
810,300RAM004,HOME & HYGIENE,UL,2020-12
811,300RAM004,SAVOURY,UL,2020-12
812,300RAM004,TEA,UL,2020-12
813,300RAM005,HOME & HYGIENE,UL,2020-12
814,300RMT001,DRESSINGS,UL,2020-12
815,300RMT001,FABRIC SOLUTIONS CATEGORY,UL,2020-12
816,300RMT001,HAIR CARE,UL,2020-12
817,300RMT001,SAVOURY,UL,2020-12
818,300RMT001,SKIN CARE,UL,2020-12
819,300RMT001,SKIN CLEANSING,UL,2020-12
820,300RMT001,TEA,UL,2020-12
821,300SAA002,HOME & HYGIENE,UL,2020-12
822,300SAR001,HAIR CARE,UL,2020-12
823,300SAY001,FABRIC SOLUTIONS CATEGORY,UL,2020-12
824,300SAY001,HOME & HYGIENE,UL,2020-12
825,300SAY001,SAVOURY,UL,2020-12
826,300SAY001,TEA,UL,2020-12
827,300SEN002,HOME & HYGIENE,UL,2020-12
828,300SEN002,SAVOURY,UL,2020-12
829,300SER001,DEODORANTS & FRAGRANCES,UL,2020-12
830,300SER001,DRESSINGS,UL,2020-12
831,300SER001,FABRIC SENSATIONS CATEGORY,UL,2020-12
832,300SER001,FABRIC SOLUTIONS CATEGORY,UL,2020-12
833,300SER001,HAIR CARE,UL,2020-12
834,300SER001,HOME & HYGIENE,UL,2020-12
835,300SER001,OTHER FOODS,UL,2020-12
836,300SER001,SAVOURY,UL,2020-12
837,300SER001,SKIN CARE,UL,2020-12
838,300SER001,SKIN CLEANSING,UL,2020-12
839,300SER001,TEA,UL,2020-12
840,300SER002,DEODORANTS & FRAGRANCES,UL,2020-12
841,300SER002,DRESSINGS,UL,2020-12
842,300SER002,FABRIC SENSATIONS CATEGORY,UL,2020-12
843,300SER002,FABRIC SOLUTIONS CATEGORY,UL,2020-12
844,300SER002,HAIR CARE,UL,2020-12
845,300SER002,HOME & HYGIENE,UL,2020-12
846,300SER002,OTHER FOODS,UL,2020-12
847,300SER002,SAVOURY,UL,2020-12
848,300SER002,SKIN CARE,UL,2020-12
849,300SER002,SKIN CLEANSING,UL,2020-12
850,300SER002,TEA,UL,2020-12
851,300SHA001,FABRIC SOLUTIONS CATEGORY,UL,2020-12
852,300SHA001,HOME & HYGIENE,UL,2020-12
853,300SHB003,HOME & HYGIENE,UL,2020-12
854,300SHB003,SAVOURY,UL,2020-12
855,300SHB003,SKIN CLEANSING,UL,2020-12
856,300SHB003,TEA,UL,2020-12
857,300SIM001,FABRIC SOLUTIONS CATEGORY,UL,2020-12
858,300SIM001,HOME & HYGIENE,UL,2020-12
859,300SIM001,SKIN CLEANSING,UL,2020-12
860,300SIM001,TEA,UL,2020-12
861,300SIM002,FABRIC SOLUTIONS CATEGORY,UL,2020-12
862,300SIM002,HAIR CARE,UL,2020-12
863,300SIM002,HOME & HYGIENE,UL,2020-12
864,300SIM002,SAVOURY,UL,2020-12
865,300SIM002,SKIN CLEANSING,UL,2020-12
866,300SIM002,TEA,UL,2020-12
867,300SIN003,FABRIC SOLUTIONS CATEGORY,UL,2020-12
868,300SIN005,FABRIC SOLUTIONS CATEGORY,UL,2020-12
869,300SIN015,FABRIC SOLUTIONS CATEGORY,UL,2020-12
870,300SIN015,HOME & HYGIENE,UL,2020-12
871,300SOI001,FABRIC SOLUTIONS CATEGORY,UL,2020-12
872,300SOI001,HAIR CARE,UL,2020-12
873,300SOI001,HOME & HYGIENE,UL,2020-12
874,300SOI001,SAVOURY,UL,2020-12
875,300SOI001,SKIN CLEANSING,UL,2020-12
876,300SRA001,FABRIC SOLUTIONS CATEGORY,UL,2020-12
877,300SRA001,HAIR CARE,UL,2020-12
878,300SRA001,HOME & HYGIENE,UL,2020-12
879,300SRA001,SKIN CLEANSING,UL,2020-12
880,300SRI002,DEODORANTS & FRAGRANCES,UL,2020-12
881,300SRI002,DRESSINGS,UL,2020-12
882,300SRI002,FABRIC SOLUTIONS CATEGORY,UL,2020-12
883,300SRI002,HAIR CARE,UL,2020-12
884,300SRI002,HOME & HYGIENE,UL,2020-12
885,300SRI002,SAVOURY,UL,2020-12
886,300SRI002,SKIN CLEANSING,UL,2020-12
887,300SRI002,TEA,UL,2020-12
888,300SUP001,DRESSINGS,UL,2020-12
889,300SUP001,FABRIC SOLUTIONS CATEGORY,UL,2020-12
890,300SUP001,HAIR CARE,UL,2020-12
891,300SUP001,HOME & HYGIENE,UL,2020-12
892,300SUP001,OTHER FOODS,UL,2020-12
893,300SUP001,SAVOURY,UL,2020-12
894,300SUP001,SKIN CARE,UL,2020-12
895,300SUP001,SKIN CLEANSING,UL,2020-12
896,300SUP001,TEA,UL,2020-12
897,300TAN001,SAVOURY,UL,2020-12
898,300TAN001,TEA,UL,2020-12
899,300TEO001,FABRIC SOLUTIONS CATEGORY,UL,2020-12
900,300TEO003,FABRIC SOLUTIONS CATEGORY,UL,2020-12
901,300TEO003,SAVOURY,UL,2020-12
902,300TEO003,TEA,UL,2020-12
903,300TKH001,FABRIC SOLUTIONS CATEGORY,UL,2020-12
904,300TKH001,HOME & HYGIENE,UL,2020-12
905,300TKH001,SAVOURY,UL,2020-12
906,300TKH001,TEA,UL,2020-12
907,300TKK001,TEA,UL,2020-12
908,300TPH001,HOME & HYGIENE,UL,2020-12
909,300TPH001,TEA,UL,2020-12
910,300TUN003,FABRIC SOLUTIONS CATEGORY,UL,2020-12
911,300TUN003,HOME & HYGIENE,UL,2020-12
912,300TUN003,OTHER FOODS,UL,2020-12
913,300TUN003,SAVOURY,UL,2020-12
914,300TUN003,SKIN CLEANSING,UL,2020-12
915,300WAD001,HOME & HYGIENE,UL,2020-12
916,300WAN003,DRESSINGS,UL,2020-12
917,300WAN003,FABRIC SOLUTIONS CATEGORY,UL,2020-12
918,300WAN003,HAIR CARE,UL,2020-12
919,300WAN003,HOME & HYGIENE,UL,2020-12
920,300WAN003,OTHER FOODS,UL,2020-12
921,300WAN003,SAVOURY,UL,2020-12
922,300WAN003,SKIN CLEANSING,UL,2020-12
923,300WAN003,TEA,UL,2020-12
924,300WEI001,FABRIC SOLUTIONS CATEGORY,UL,2020-12
925,300WEI001,HOME & HYGIENE,UL,2020-12
926,300WEI001,SAVOURY,UL,2020-12
927,300WEI001,SKIN CLEANSING,UL,2020-12
928,300WEI001,TEA,UL,2020-12
929,300WEN003,FABRIC SOLUTIONS CATEGORY,UL,2020-12
930,300YAH001,FABRIC SOLUTIONS CATEGORY,UL,2020-12
931,300YAH001,HAIR CARE,UL,2020-12
932,300YAH001,SKIN CLEANSING,UL,2020-12
933,300YAS001,DRESSINGS,UL,2020-12
934,300YAS001,FABRIC SOLUTIONS CATEGORY,UL,2020-12
935,300YAS001,HAIR CARE,UL,2020-12
936,300YAS001,HOME & HYGIENE,UL,2020-12
937,300YAS001,SKIN CLEANSING,UL,2020-12
938,300YAS001,TEA,UL,2020-12
939,300YAW001,DEODORANTS & FRAGRANCES,UL,2020-12
940,300YAW001,DRESSINGS,UL,2020-12
941,300YAW001,FABRIC SENSATIONS CATEGORY,UL,2020-12
942,300YAW001,FABRIC SOLUTIONS CATEGORY,UL,2020-12
943,300YAW001,HAIR CARE,UL,2020-12
944,300YAW001,HOME & HYGIENE,UL,2020-12
945,300YAW001,OTHER FOODS,UL,2020-12
946,300YAW001,SAVOURY,UL,2020-12
947,300YAW001,SKIN CARE,UL,2020-12
948,300YAW001,SKIN CLEANSING,UL,2020-12
949,300YAW001,TEA,UL,2020-12
950,300YEW001,HOME & HYGIENE,UL,2020-12
951,300YHI001,DRESSINGS,UL,2020-12
952,300YHI001,FABRIC SOLUTIONS CATEGORY,UL,2020-12
953,300YHI001,HOME & HYGIENE,UL,2020-12
954,300YHI001,SAVOURY,UL,2020-12
955,300YHI001,SKIN CLEANSING,UL,2020-12
956,300YHI001,TEA,UL,2020-12
957,300YIA001,SKIN CLEANSING,UL,2020-12
958,300YKS001,FABRIC SOLUTIONS CATEGORY,UL,2020-12
959,300YKS001,TEA,UL,2020-12
960,300YON002,DRESSINGS,UL,2020-12
961,300YON002,SAVOURY,UL,2020-12
962,300YUN001,FABRIC SOLUTIONS CATEGORY,UL,2020-12
963,300YUN001,HAIR CARE,UL,2020-12
964,300YUN001,HOME & HYGIENE,UL,2020-12
965,300YUN001,SAVOURY,UL,2020-12
966,300YUN001,SKIN CLEANSING,UL,2020-12
967,300ZAF001,HOME & HYGIENE,UL,2020-12
968,300ZIA001,FABRIC SOLUTIONS CATEGORY,UL,2020-12
969,300ZIA001,HAIR CARE,UL,2020-12
970,300ZIA001,HOME & HYGIENE,UL,2020-12
971,300ZIA001,SAVOURY,UL,2020-12
972,300ZIA001,SKIN CLEANSING,UL,2020-12
973,300ZIA001,TEA,UL,2020-12
974,500ABD005,BERAS,AC,2020-12
975,500ABD005,GULA,AC,2020-12
976,500ABD005,SEA MASTER,AC,2020-12
977,500ABD005,SUMMER,AC,2020-12
978,500AFM001,GULA,AC,2020-12
979,500AFM001,LADAS,AC,2020-12
980,500AFM001,MG CREAMER,AC,2020-12
981,500AHS001,GULA,AC,2020-12
982,500ALW001,FFM,AC,2020-12
983,500ALW001,GULA,AC,2020-12
984,500AMB001,FFM,AC,2020-12
985,500AMB001,GULA,AC,2020-12
986,500AMB001,TARIK-TARIK,AC,2020-12
987,500AMB001,TEPUNG,AC,2020-12
988,500AMS001,BERAS,AC,2020-12
989,500AMS001,GULA,AC,2020-12
990,500AMS002,GULA,AC,2020-12
991,500AMW001,MG CREAMER,AC,2020-12
992,500ANA001,BERAS,AC,2020-12
993,500ANA001,LADAS,AC,2020-12
994,500ANA001,MG CREAMER,AC,2020-12
995,500ANZ001,GULA,AC,2020-12
996,500ASR001,GULA,AC,2020-12
997,500AWA001,GULA,AC,2020-12
998,500AWA001,MG CREAMER,AC,2020-12
999,500BAI001,GULA,AC,2020-12
1000,500BAI001,TEPUNG,AC,2020-12
1001,500BAN002,GULA,AC,2020-12
1002,500BAN003,MG CREAMER,AC,2020-12
1003,500BAR001,TRANSPORT,AC,2020-12
1004,500BAR002,GULA,AC,2020-12
1005,500BEE001,FFM,AC,2020-12
1006,500BEE001,GULA,AC,2020-12
1007,500BEE001,MG CREAMER,AC,2020-12
1008,500BEE001,TEPUNG,AC,2020-12
1009,500BOO001,FFM,AC,2020-12
1010,500BOO001,GULA,AC,2020-12
1011,500BOO001,TEPUNG,AC,2020-12
1012,500CFS001,SEA MASTER,AC,2020-12
1013,500CHA001,BERAS,AC,2020-12
1014,500CHA001,GULA,AC,2020-12
1015,500CHA001,SUMMER,AC,2020-12
1016,500CHA002,GULA,AC,2020-12
1017,500CHA002,MG CREAMER,AC,2020-12
1018,500CHA002,SUNQUICK,AC,2020-12
1019,500CHA002,TEPUNG,AC,2020-12
1020,500CHA003,MG CREAMER,AC,2020-12
1021,500CHE013,AJINOMOTO,AC,2020-12
1022,500CHE013,SUMMER,AC,2020-12
1023,500CHE014,FFM,AC,2020-12
1024,500CHE014,GULA,AC,2020-12
1025,500CHE014,MG CREAMER,AC,2020-12
1026,500CHE014,SUNQUICK,AC,2020-12
1027,500CHE014,TEPUNG,AC,2020-12
1028,500CHE015,FFM,AC,2020-12
1029,500CHI001,FFM,AC,2020-12
1030,500CHI001,GULA,AC,2020-12
1031,500CHI001,MARINA,AC,2020-12
1032,500CHU004,BERAS,AC,2020-12
1033,500CHU004,GARAM,AC,2020-12
1034,500CHU004,GULA,AC,2020-12
1035,500CHU007,FFM,AC,2020-12
1036,500CHU007,GULA,AC,2020-12
1037,500CHU007,LADAS,AC,2020-12
1038,500CHU007,SUNQUICK,AC,2020-12
1039,500CHU007,TEPUNG,AC,2020-12
1040,500CNH001,FFM,AC,2020-12
1041,500CNH001,GARAM,AC,2020-12
1042,500CNH001,GULA,AC,2020-12
1043,500CNH001,LADAS,AC,2020-12
1044,500CNH001,TEPUNG,AC,2020-12
1045,500CON001,AJINOMOTO,AC,2020-12
1046,500CON001,GARAM,AC,2020-12
1047,500CON001,GULA,AC,2020-12
1048,500CON001,LADAS,AC,2020-12
1049,500CON001,SUNQUICK,AC,2020-12
1050,500CON001,TARIK-TARIK,AC,2020-12
1051,500CON001,VEPLUS,AC,2020-12
1052,500COO001,GULA,AC,2020-12
1053,500CSP001,BERAS,AC,2020-12
1054,500CSP001,DESA,AC,2020-12
1055,500CSP001,SUMMER,AC,2020-12
1056,500CSP001,TEPUNG,AC,2020-12
1057,500DRI002,BERAS,AC,2020-12
1058,500DRI002,FFM,AC,2020-12
1059,500DRI002,GARAM,AC,2020-12
1060,500DRI002,GULA,AC,2020-12
1061,500DRI002,LADAS,AC,2020-12
1062,500DRI002,SUNQUICK,AC,2020-12
1063,500DRI002,TEPUNG,AC,2020-12
1064,500DUN001,SUMMER,AC,2020-12
1065,500EEN001,GULA,AC,2020-12
1066,500EEN002,GULA,AC,2020-12
1067,500EHB001,MG CREAMER,AC,2020-12
1068,500EHB001,TARIK-TARIK,AC,2020-12
1069,500ENG002,FFM,AC,2020-12
1070,500ENG002,GARAM,AC,2020-12
1071,500ENG002,LADAS,AC,2020-12
1072,500ENG002,TEPUNG,AC,2020-12
1073,500ENG002,VEPLUS,AC,2020-12
1074,500ENG003,MG CREAMER,AC,2020-12
1075,500ENG004,GULA,AC,2020-12
1076,500ENG004,MG CREAMER,AC,2020-12
1077,500ENG005,GARAM,AC,2020-12
1078,500ENG005,GULA,AC,2020-12
1079,500ENG005,MG CREAMER,AC,2020-12
1080,500ENG005,SUMMER,AC,2020-12
1081,500ENG005,TEPUNG,AC,2020-12
1082,500ERA001,FFM,AC,2020-12
1083,500ERA001,GULA,AC,2020-12
1084,500ERA001,LADAS,AC,2020-12
1085,500ERA001,MG CREAMER,AC,2020-12
1086,500ERA001,SUNQUICK,AC,2020-12
1087,500ERA001,TARIK-TARIK,AC,2020-12
1088,500ERA001,TEPUNG,AC,2020-12
1089,500FAR001,GARAM,AC,2020-12
1090,500FAR001,GULA,AC,2020-12
1091,500GIM001,BERAS,AC,2020-12
1092,500GIM001,GARAM,AC,2020-12
1093,500GIM001,GULA,AC,2020-12
1094,500GIM001,MG CREAMER,AC,2020-12
1095,500GIM001,SEA MASTER,AC,2020-12
1096,500GIT001,MG CREAMER,AC,2020-12
1097,500HAI001,BIHUN,AC,2020-12
1098,500HAI001,GARAM,AC,2020-12
1099,500HAI001,GULA,AC,2020-12
1100,500HAI001,LAKSA,AC,2020-12
1101,500HAI001,TEPUNG,AC,2020-12
1102,500HAJ001,BIHUN,AC,2020-12
1103,500HAJ001,FFM,AC,2020-12
1104,500HAJ001,GARAM,AC,2020-12
1105,500HAJ001,GULA,AC,2020-12
1106,500HAJ001,LADAS,AC,2020-12
1107,500HAJ001,SEA MASTER,AC,2020-12
1108,500HAJ001,SUNQUICK,AC,2020-12
1109,500HAJ001,TEPUNG,AC,2020-12
1110,500HOE001,BERAS,AC,2020-12
1111,500HOE001,GARAM,AC,2020-12
1112,500HOE001,GULA,AC,2020-12
1113,500HOE001,TEPUNG,AC,2020-12
1114,500HUW001,FFM,AC,2020-12
1115,500HUW001,GULA,AC,2020-12
1116,500HUW001,SUNQUICK,AC,2020-12
1117,500HUW001,TEPUNG,AC,2020-12
1118,500IBA001,FFM,AC,2020-12
1119,500ISH002,FFM,AC,2020-12
1120,500ISH002,GULA,AC,2020-12
1121,500ISH002,LADAS,AC,2020-12
1122,500ISH002,MG CREAMER,AC,2020-12
1123,500ISH002,SEA MASTER,AC,2020-12
1124,500ISH002,TEPUNG,AC,2020-12
1125,500JLS001,BERAS,AC,2020-12
1126,500JLS001,DESA,AC,2020-12
1127,500JLS001,FFM,AC,2020-12
1128,500JLS001,MG CREAMER,AC,2020-12
1129,500JLS001,SEA MASTER,AC,2020-12
1130,500JLS001,SUNQUICK,AC,2020-12
1131,500JLS001,TARIK-TARIK,AC,2020-12
1132,500JLS001,TEPUNG,AC,2020-12
1133,500JOH003,GULA,AC,2020-12
1134,500JOH003,MG CREAMER,AC,2020-12
1135,500JOH003,VEPLUS,AC,2020-12
1136,500JOO002,GULA,AC,2020-12
1137,500KAM003,GARAM,AC,2020-12
1138,500KAM003,SUNQUICK,AC,2020-12
1139,500KAR001,BERAS,AC,2020-12
1140,500KAR001,FFM,AC,2020-12
1141,500KAR001,GULA,AC,2020-12
1142,500KAR001,MG CREAMER,AC,2020-12
1143,500KAR001,TEPUNG,AC,2020-12
1144,500KAR003,GARAM,AC,2020-12
1145,500KAR003,GULA,AC,2020-12
1146,500KAR003,KERETA API,AC,2020-12
1147,500KAR003,MG CREAMER,AC,2020-12
1148,500KAR003,TEPUNG,AC,2020-12
1149,500KEE001,HOBE,AC,2020-12
1150,500KEE001,TEPUNG,AC,2020-12
1151,500KEO001,MG CREAMER,AC,2020-12
1152,500KHI001,FFM,AC,2020-12
1153,500KHI001,GARAM,AC,2020-12
1154,500KHI001,GULA,AC,2020-12
1155,500KHU003,FFM,AC,2020-12
1156,500KHU003,GULA,AC,2020-12
1157,500KHU003,MARINA,AC,2020-12
1158,500KOOI001,LADA,AC,2020-12
1159,500KOOI001,MG CREAMER,AC,2020-12
1160,500KWA001,AJINOMOTO,AC,2020-12
1161,500KWA001,GULA,AC,2020-12
1162,500KWA001,TEPUNG,AC,2020-12
1163,500KWE002,FFM,AC,2020-12
1164,500KWE002,GARAM,AC,2020-12
1165,500KWE002,GULA,AC,2020-12
1166,500KWE002,TEPUNG,AC,2020-12
1167,500KWO002,GULA,AC,2020-12
1168,500LAW001,FFM,AC,2020-12
1169,500LCH001,MG CREAMER,AC,2020-12
1170,500LEE001,SUMMER,AC,2020-12
1171,500LEE002,BERAS,AC,2020-12
1172,500LEE002,GULA,AC,2020-12
1173,500LEE002,TEPUNG,AC,2020-12
1174,500LEE004,AJINOMOTO,AC,2020-12
1175,500LEE004,FFM,AC,2020-12
1176,500LEE004,GULA,AC,2020-12
1177,500LEE004,SUMMER,AC,2020-12
1178,500LEO001,BERAS,AC,2020-12
1179,500LEO001,GULA,AC,2020-12
1180,500LEO001,MG DRINKS,AC,2020-12
1181,500LIA002,GULA,AC,2020-12
1182,500LIM005,MG CREAMER,AC,2020-12
1183,500LIM007,GULA,AC,2020-12
1184,500LLB001,GARAM,AC,2020-12
1185,500LLB001,GULA,AC,2020-12
1186,500LLH001,GULA,AC,2020-12
1187,500LOO001,GULA,AC,2020-12
1188,500LOW001,FFM,AC,2020-12
1189,500LOW001,GULA,AC,2020-12
1190,500MAJ001,FFM,AC,2020-12
1191,500MAJ001,MG CREAMER,AC,2020-12
1192,500MAJ001,TEPUNG,AC,2020-12
1193,500MAM001,GULA,AC,2020-12
1194,500MES001,FFM,AC,2020-12
1195,500MES001,GULA,AC,2020-12
1196,500MES001,MG CREAMER,AC,2020-12
1197,500MES001,TARIK-TARIK,AC,2020-12
1198,500MIM001,GULA,AC,2020-12
1199,500MOH004,FFM,AC,2020-12
1200,500MOH004,GARAM,AC,2020-12
1201,500MOH004,GULA,AC,2020-12
1202,500MOH004,MG CREAMER,AC,2020-12
1203,500MOH004,TEPUNG,AC,2020-12
1204,500MRH001,FFM,AC,2020-12
1205,500MRH001,GULA,AC,2020-12
1206,500MRH001,MG CREAMER,AC,2020-12
1207,500MRH001,SUNQUICK,AC,2020-12
1208,500MRH001,TARIK-TARIK,AC,2020-12
1209,500MRH001,TEPUNG,AC,2020-12
1210,500MUH001,GARAM,AC,2020-12
1211,500MUH001,GULA,AC,2020-12
1212,500MYH001,FFM,AC,2020-12
1213,500MYH001,GULA,AC,2020-12
1214,500MYH001,MG CREAMER,AC,2020-12
1215,500MYH001,SUNQUICK,AC,2020-12
1216,500NAT001,GARAM,AC,2020-12
1217,500NAT001,SUMMER,AC,2020-12
1218,500NFS001,GULA,AC,2020-12
1219,500NFS002,BERAS,AC,2020-12
1220,500NFS002,GULA,AC,2020-12
1221,500NFS002,MG CREAMER,AC,2020-12
1222,500NFS003,BERAS,AC,2020-12
1223,500NFS003,GULA,AC,2020-12
1224,500OMI001,FFM,AC,2020-12
1225,500ONG002,GULA,AC,2020-12
1226,500OOI002,BIHUN,AC,2020-12
1227,500OOI002,DESA,AC,2020-12
1228,500OOI002,FFM,AC,2020-12
1229,500OOI002,GARAM,AC,2020-12
1230,500OOI002,GULA,AC,2020-12
1231,500OOI002,MG CREAMER,AC,2020-12
1232,500OOI002,MG DRINKS,AC,2020-12
1233,500OOI002,TEPUNG,AC,2020-12
1234,500OSE001,GULA,AC,2020-12
1235,500OSE001,MG CREAMER,AC,2020-12
1236,500PAN001,DESA,AC,2020-12
1237,500PAN001,FFM,AC,2020-12
1238,500PAN001,GULA,AC,2020-12
1239,500PAN001,SUMMER,AC,2020-12
1240,500PEL001,FFM,AC,2020-12
1241,500PEN001,FFM,AC,2020-12
1242,500PEN001,GULA,AC,2020-12
1243,500RAM002,FFM,AC,2020-12
1244,500RAM002,GULA,AC,2020-12
1245,500RAM002,HOBE,AC,2020-12
1246,500RAM002,MG CREAMER,AC,2020-12
1247,500RAM002,SUNQUICK,AC,2020-12
1248,500RAM002,TEPUNG,AC,2020-12
1249,500RAR001,GULA,AC,2020-12
1250,500RIN001,BIHUN,AC,2020-12
1251,500RIN001,GULA,AC,2020-12
1252,500RIN001,MG CREAMER,AC,2020-12
1253,500SAF001,GARAM,AC,2020-12
1254,500SAF001,GULA,AC,2020-12
1255,500SAF001,TEPUNG,AC,2020-12
1256,500SAL001,BERAS,AC,2020-12
1257,500SAL001,GULA,AC,2020-12
1258,500SEN003,LADAS,AC,2020-12
1259,500SEN003,MG DRINKS,AC,2020-12
1260,500SEN004,BERAS,AC,2020-12
1261,500SEN004,GULA,AC,2020-12
1262,500SEN008,BERAS,AC,2020-12
1263,500SEN008,GULA,AC,2020-12
1264,500SEN008,HOBE,AC,2020-12
1265,500SEN008,MG CREAMER,AC,2020-12
1266,500SEN008,TEPUNG,AC,2020-12
1267,500SER002,BERAS,AC,2020-12
1268,500SER002,MG CREAMER,AC,2020-12
1269,500SER002,SEA MASTER,AC,2020-12
1270,500SER003,MG CREAMER,AC,2020-12
1271,500SER003,SEA MASTER,AC,2020-12
1272,500SER003,TEPUNG,AC,2020-12
1273,500SIM001,FFM,AC,2020-12
1274,500SIM001,GARAM,AC,2020-12
1275,500SIM001,SUMMER,AC,2020-12
1276,500SIM001,TEPUNG,AC,2020-12
1277,500SIN002,GARAM,AC,2020-12
1278,500SIN002,SUNQUICK,AC,2020-12
1279,500SIN002,TEPUNG,AC,2020-12
1280,500SIN003,AJINOMOTO,AC,2020-12
1281,500SIN003,BERAS,AC,2020-12
1282,500SIN003,BIHUN,AC,2020-12
1283,500SIN003,FFM,AC,2020-12
1284,500SIN003,GARAM,AC,2020-12
1285,500SIN003,GULA,AC,2020-12
1286,500SIN003,LADAS,AC,2020-12
1287,500SIN003,MG CREAMER,AC,2020-12
1288,500SIN003,SUMMER,AC,2020-12
1289,500SIN003,TEPUNG,AC,2020-12
1290,500SIN003,VEPLUS,AC,2020-12
1291,500SIN005,DESA,AC,2020-12
1292,500SIN005,FFM,AC,2020-12
1293,500SIN005,GULA,AC,2020-12
1294,500SIN005,SEA MASTER,AC,2020-12
1295,500SIN006,BERAS,AC,2020-12
1296,500SIN006,FFM,AC,2020-12
1297,500SIN006,GARAM,AC,2020-12
1298,500SIN006,GULA,AC,2020-12
1299,500SIN006,LADAS,AC,2020-12
1300,500SIN006,MARINA,AC,2020-12
1301,500SIN006,MG CREAMER,AC,2020-12
1302,500SIN006,SEA MASTER,AC,2020-12
1303,500SIN006,SUNQUICK,AC,2020-12
1304,500SIN006,TEPUNG,AC,2020-12
1305,500SIN010,GARAM,AC,2020-12
1306,500SIN010,GULA,AC,2020-12
1307,500SIN013,SEA MASTER,AC,2020-12
1308,500SIT002,BIHUN,AC,2020-12
1309,500SIT002,DESA,AC,2020-12
1310,500SIT002,FFM,AC,2020-12
1311,500SIT002,GARAM,AC,2020-12
1312,500SIT002,GULA,AC,2020-12
1313,500SIT002,LADAS,AC,2020-12
1314,500SIT002,SUNQUICK,AC,2020-12
1315,500SIT002,TEPUNG,AC,2020-12
1316,500SUN002,GULA,AC,2020-12
1317,500SUP002,ALAGAPPA'S,AC,2020-12
1318,500SUP002,BERAS,AC,2020-12
1319,500SUP002,FFM,AC,2020-12
1320,500SUP002,GARAM,AC,2020-12
1321,500SUP002,GULA,AC,2020-12
1322,500SUP002,LADAS,AC,2020-12
1323,500SUP002,MG CREAMER,AC,2020-12
1324,500SUP002,TEPUNG,AC,2020-12
1325,500SWE001,GULA,AC,2020-12
1326,500SYA001,GULA,AC,2020-12
1327,500SYA001,SEA MASTER,AC,2020-12
1328,500SYA002,FFM,AC,2020-12
1329,500TAI002,FFM,AC,2020-12
1330,500TAI002,MG CREAMER,AC,2020-12
1331,500TAI002,SUNQUICK,AC,2020-12
1332,500TAM002,FFM,AC,2020-12
1333,500TAM002,GULA,AC,2020-12
1334,500TAM002,MG CREAMER,AC,2020-12
1335,500TAM003,FFM,AC,2020-12
1336,500TAM003,GULA,AC,2020-12
1337,500TAM003,MG CREAMER,AC,2020-12
1338,500TAM003,MG DRINKS,AC,2020-12
1339,500TAM003,TEPUNG,AC,2020-12
1340,500TAN004,BERAS,AC,2020-12
1341,500TAN004,FFM,AC,2020-12
1342,500TAN004,GARAM,AC,2020-12
1343,500TAN004,GULA,AC,2020-12
1344,500TAN004,HOBE,AC,2020-12
1345,500TAN004,LADAS,AC,2020-12
1346,500TAN004,MARINA,AC,2020-12
1347,500TAN004,MG CREAMER,AC,2020-12
1348,500TAN004,SEA MASTER,AC,2020-12
1349,500TAN004,SUNQUICK,AC,2020-12
1350,500TAN004,TEPUNG,AC,2020-12
1351,500TAT001,BERAS,AC,2020-12
1352,500TEI001,GULA,AC,2020-12
1353,500TEI001,MG CREAMER,AC,2020-12
1354,500TEO002,FFM,AC,2020-12
1355,500TEO002,GULA,AC,2020-12
1356,500TEO002,MG CREAMER,AC,2020-12
1357,500TEO002,MG DRINKS,AC,2020-12
1358,500TEO002,SUNQUICK,AC,2020-12
1359,500TEO002,TEPUNG,AC,2020-12
1360,500TEO004,GULA,AC,2020-12
1361,500TEO006,GULA,AC,2020-12
1362,500TPH001,GARAM,AC,2020-12
1363,500TPH001,GULA,AC,2020-12
1364,500WAN001,BERAS,AC,2020-12
1365,500WAN001,GARAM,AC,2020-12
1366,500WEI002,FFM,AC,2020-12
1367,500WEN001,GULA,AC,2020-12
1368,500WEN001,LADAS,AC,2020-12
1369,500WEN001,SUNQUICK,AC,2020-12
1370,500YEA001,GULA,AC,2020-12
1371,500YKH001,BERAS,AC,2020-12
1372,500YKH001,FFM,AC,2020-12
1373,500YKH001,GULA,AC,2020-12
1374,500YKH001,MG DRINKS,AC,2020-12
1375,500YKH001,SEA MASTER,AC,2020-12
1376,500YKH001,SUMMER,AC,2020-12
1377,500YKH001,TEPUNG,AC,2020-12
1378,500YON001,GULA,AC,2020-12
1379,500YON001,MG CREAMER,AC,2020-12
1380,500YON001,SUNQUICK,AC,2020-12
1381,500YSS001,FFM,AC,2020-12
1382,500YSS001,GARAM,AC,2020-12
1383,500YSS001,GULA,AC,2020-12
1384,500YUH001,FFM,AC,2020-12
1385,500YUH001,GULA,AC,2020-12
1386,500YUH001,MG CREAMER,AC,2020-12
1387,500ZHE001,GULA,AC,2020-12
1388,500ZHE001,MG CREAMER,AC,2020-12
1389,500ZHE001,SUNQUICK,AC,2020-12
